-- ============================================================
--  ProjectFlow v3 — Dummy Data with Performance Analytics
--  Run this in phpMyAdmin → SQL tab
--  All users password = admin123
-- ============================================================

USE projectflow;

SET FOREIGN_KEY_CHECKS = 0;
TRUNCATE TABLE activity_logs;
TRUNCATE TABLE notifications;
TRUNCATE TABLE messages;
TRUNCATE TABLE task_comments;
TRUNCATE TABLE tasks;
TRUNCATE TABLE project_users;
TRUNCATE TABLE projects;
TRUNCATE TABLE users;
SET FOREIGN_KEY_CHECKS = 1;

-- ── USERS ────────────────────────────────────────────────────
-- Password for all = admin123
-- Hash: $2b$10$K7P generated by bcrypt with rounds=10
INSERT INTO users (id, name, email, password, role) VALUES
(1, 'Alex Admin',      'admin@test.com',   '$2b$10$92IXUNpkjO0rOQ5byMi.Ye4oKoEa3Ro9llC/.og/at2uheWG/igi.', 'Admin'),
(2, 'Sarah Manager',   'sarah@test.com',   '$2b$10$92IXUNpkjO0rOQ5byMi.Ye4oKoEa3Ro9llC/.og/at2uheWG/igi.', 'Manager'),
(3, 'John Developer',  'john@test.com',    '$2b$10$92IXUNpkjO0rOQ5byMi.Ye4oKoEa3Ro9llC/.og/at2uheWG/igi.', 'Employee'),
(4, 'Emily Designer',  'emily@test.com',   '$2b$10$92IXUNpkjO0rOQ5byMi.Ye4oKoEa3Ro9llC/.og/at2uheWG/igi.', 'Employee'),
(5, 'Mike QA',         'mike@test.com',    '$2b$10$92IXUNpkjO0rOQ5byMi.Ye4oKoEa3Ro9llC/.og/at2uheWG/igi.', 'Employee'),
(6, 'Lisa Manager',    'lisa@test.com',    '$2b$10$92IXUNpkjO0rOQ5byMi.Ye4oKoEa3Ro9llC/.og/at2uheWG/igi.', 'Manager');

-- Update password to correct hash for admin123
UPDATE users SET password = '$2b$10$LbnXMLxTQFMoLCAITM9MtOVSaGb7KCU3OtU9fQoiOvpPYLSJQBp9S';

-- ── PROJECTS ─────────────────────────────────────────────────
INSERT INTO projects (id, name, description, status, created_by) VALUES
(1, 'Website Redesign',    'Complete overhaul of the company website with new UI/UX design and better performance.',        'Active',    2),
(2, 'Mobile App v2.0',     'Second version of our mobile app with push notifications, offline mode and dark theme.',        'Active',    1),
(3, 'API Integration Hub', 'Centralized integration layer connecting Stripe, Twilio and SendGrid APIs.',                    'Active',    2),
(4, 'HR Portal',           'Employee self-service portal for leave requests, payroll slips and announcements.',             'Completed', 6);

-- ── PROJECT MEMBERS ──────────────────────────────────────────
INSERT INTO project_users (project_id, user_id, role) VALUES
(1,1,'Member'),(1,2,'Owner'),(1,3,'Member'),(1,4,'Member'),(1,5,'Member'),
(2,1,'Owner'), (2,2,'Member'),(2,3,'Member'),(2,5,'Member'),
(3,2,'Owner'), (3,3,'Member'),(3,6,'Member'),
(4,1,'Member'),(4,4,'Member'),(4,6,'Owner');

-- ── TASKS (with assigned_to for performance tracking) ────────
-- Project 1 - Website Redesign
INSERT INTO tasks (project_id, title, description, assigned_to, created_by, status, priority, due_date, position) VALUES
(1,'UX Research & User Interviews','Interview 10 existing customers to understand pain points.',4,2,'Done','High',DATE_SUB(CURDATE(),INTERVAL 20 DAY),0),
(1,'Create Low-fidelity Wireframes','Design wireframes for all pages using Figma.',4,2,'Done','High',DATE_SUB(CURDATE(),INTERVAL 14 DAY),1),
(1,'High-fidelity Mockups','Convert wireframes into full colour Figma designs.',4,2,'In Progress','High',DATE_ADD(CURDATE(),INTERVAL 5 DAY),2),
(1,'Set Up React Project','Bootstrap React with Vite, ESLint, Prettier and Storybook.',3,2,'Done','High',DATE_SUB(CURDATE(),INTERVAL 10 DAY),0),
(1,'Build Homepage Components','Implement hero section, navigation and footer.',3,2,'In Progress','High',DATE_ADD(CURDATE(),INTERVAL 3 DAY),1),
(1,'Build Services & Pricing Pages','Services listing and pricing toggle pages.',3,2,'To Do','Medium',DATE_ADD(CURDATE(),INTERVAL 10 DAY),2),
(1,'Write SEO Content','Write optimised copy for all pages targeting keyword clusters.',1,2,'To Do','Low',DATE_ADD(CURDATE(),INTERVAL 15 DAY),3),
(1,'Cross-browser QA Testing','Test Chrome, Firefox, Safari, Edge on mobile and desktop.',5,2,'To Do','High',DATE_ADD(CURDATE(),INTERVAL 12 DAY),0),
(1,'Performance Optimisation','Achieve LCP < 2.5s and CLS < 0.1.',3,2,'To Do','Medium',DATE_ADD(CURDATE(),INTERVAL 18 DAY),3),
(1,'Production Deployment','Deploy to AWS and configure CloudFront CDN.',3,2,'To Do','High',DATE_ADD(CURDATE(),INTERVAL 25 DAY),4),

-- Project 2 - Mobile App
(2,'Define Architecture','Document tech stack: React Native, Zustand, React Navigation.',3,1,'Done','High',DATE_SUB(CURDATE(),INTERVAL 18 DAY),0),
(2,'Design Onboarding Flow','5 screen animated onboarding with skip option.',4,1,'Done','Medium',DATE_SUB(CURDATE(),INTERVAL 12 DAY),1),
(2,'Push Notifications (Firebase)','iOS and Android FCM setup with foreground/background handling.',3,1,'In Progress','High',DATE_ADD(CURDATE(),INTERVAL 4 DAY),0),
(2,'Offline Mode with SQLite','Cache data locally and sync on reconnect.',3,1,'In Progress','High',DATE_ADD(CURDATE(),INTERVAL 8 DAY),1),
(2,'Dark Theme Toggle','Theme switching with AsyncStorage persistence.',4,1,'To Do','Medium',DATE_ADD(CURDATE(),INTERVAL 10 DAY),0),
(2,'App Store Submission','Prepare screenshots, descriptions and submit to both stores.',2,1,'To Do','High',DATE_ADD(CURDATE(),INTERVAL 20 DAY),1),
(2,'Device QA Testing','Test on iPhone 12/14/15, Samsung S22/S24, Pixel 7.',5,1,'To Do','High',DATE_ADD(CURDATE(),INTERVAL 16 DAY),0),

-- Project 3 - API Hub
(3,'Integration Architecture','System design with RabbitMQ, retry policy and dead letter queue.',3,2,'Done','High',DATE_SUB(CURDATE(),INTERVAL 15 DAY),0),
(3,'Stripe Payment Integration','Payment intents, webhooks and refund handling.',3,2,'In Progress','High',DATE_ADD(CURDATE(),INTERVAL 5 DAY),0),
(3,'Twilio SMS Integration','Send OTPs and order updates via Twilio.',3,2,'To Do','Medium',DATE_ADD(CURDATE(),INTERVAL 14 DAY),1),
(3,'SendGrid Email Service','Transactional emails: welcome, reset, invoice.',6,2,'To Do','Medium',DATE_ADD(CURDATE(),INTERVAL 18 DAY),2),
(3,'Monitoring Dashboard','Real-time API health, error rates and latency.',3,2,'To Do','Low',DATE_ADD(CURDATE(),INTERVAL 22 DAY),3),

-- Project 4 - HR Portal (Completed)
(4,'Requirements Gathering','Workshops with HR team to document features.',6,6,'Done','High',DATE_SUB(CURDATE(),INTERVAL 60 DAY),0),
(4,'Database Schema Design','Tables for employees, leave, payroll.',1,6,'Done','High',DATE_SUB(CURDATE(),INTERVAL 50 DAY),1),
(4,'Leave Request Module','Submit requests, manager approves with email alerts.',4,6,'Done','High',DATE_SUB(CURDATE(),INTERVAL 40 DAY),2),
(4,'Payroll Slip Viewer','Secure PDF viewer with download and audit trail.',1,6,'Done','Medium',DATE_SUB(CURDATE(),INTERVAL 30 DAY),3),
(4,'User Acceptance Testing','HR team tests all modules and gives feedback.',5,6,'Done','High',DATE_SUB(CURDATE(),INTERVAL 20 DAY),0),
(4,'Production Launch','Deploy and train HR team on the new system.',1,6,'Done','High',DATE_SUB(CURDATE(),INTERVAL 10 DAY),1);

-- ── TASK COMMENTS ────────────────────────────────────────────
INSERT INTO task_comments (task_id, user_id, comment) VALUES
(1, 4, 'Started interviews today. 8 slots confirmed this week.'),
(1, 2, 'Great! Record sessions with consent so we can refer back.'),
(1, 4, 'All 10 interviews done. Key finding: 70% struggle with mobile navigation.'),
(3, 4, 'Home page mockup ready in Figma for review.'),
(3, 2, 'Looks great! Adjust CTA button colour to match brand guidelines v2.'),
(3, 4, 'Updated! Added hover states and mobile variants too.'),
(5, 3, 'Hero section and nav complete. Mobile responsive confirmed.'),
(5, 2, 'Excellent. Make sure Lighthouse score stays above 90 for accessibility.'),
(13, 3, 'Firebase project set up. FCM tokens generating correctly on both platforms.'),
(13, 5, 'Note: Android 13+ needs explicit notification permission request.'),
(13, 3, 'Good catch Mike! Runtime permission added and tested on emulator.'),
(19, 3, 'Payment intents working in test mode. 3DS handling works.'),
(19, 2, 'Have you set up webhook signature validation yet?'),
(19, 3, 'Webhook live and signature verified. Handling all subscription events.');

-- ── MESSAGES ─────────────────────────────────────────────────
INSERT INTO messages (project_id, user_id, message) VALUES
(1, 2, 'Welcome to the Website Redesign chat! Excited to kick this off 🚀'),
(1, 3, 'Thanks Sarah! Starting dev environment setup now.'),
(1, 4, 'Figma project is live. Sharing brand guidelines shortly.'),
(1, 5, 'Should I start the QA test plan now or wait for mockups?'),
(1, 2, 'Start the plan now Mike — earlier is always better.'),
(1, 4, 'All 10 user interviews done! Key insight: mobile nav is the biggest pain point 📱'),
(1, 1, 'Stakeholder review scheduled for next month. Mockups need to be done before that.'),
(2, 1, 'Kicking off Mobile App v2.0! Big release — lets make it count 🚀'),
(2, 3, 'Architecture doc is ready. Using Zustand over Redux — much cleaner for our scale.'),
(2, 2, 'Reviewed and approved! Smart decision.'),
(2, 3, 'iOS background push notification delivery has some quirks. Working through it.'),
(2, 5, 'Set up test device matrix — 8 physical devices ready in the office.'),
(3, 2, 'API Hub kickoff! This will be the backbone of all our platform integrations.'),
(3, 3, 'Architecture diagram complete. RabbitMQ handles 10k msgs/sec easily.'),
(3, 6, 'Do we have a disaster recovery plan if RabbitMQ goes down mid-transaction?'),
(3, 3, 'Yes — messages persist to disk + dead letter queue with 3 retries and exponential backoff.'),
(4, 6, 'HR Portal launched successfully! 🎉 Great work everyone!'),
(4, 1, 'All systems green. Team is already loving it.'),
(4, 4, 'So happy this is live. The leave request flow turned out really clean.');

-- ── ACTIVITY LOGS ────────────────────────────────────────────
INSERT INTO activity_logs (user_id, project_id, action, entity_type, entity_id, details) VALUES
(2,1,'created_project','project',1,'{"name":"Website Redesign"}'),
(1,2,'created_project','project',2,'{"name":"Mobile App v2.0"}'),
(2,3,'created_project','project',3,'{"name":"API Integration Hub"}'),
(6,4,'created_project','project',4,'{"name":"HR Portal"}'),
(4,1,'updated_task_status','task',1,'{"from":"In Progress","to":"Done","title":"UX Research"}'),
(4,1,'updated_task_status','task',2,'{"from":"In Progress","to":"Done","title":"Wireframes"}'),
(3,2,'updated_task_status','task',11,'{"from":"To Do","to":"Done","title":"Define Architecture"}'),
(4,2,'updated_task_status','task',12,'{"from":"To Do","to":"Done","title":"Design Onboarding Flow"}'),
(3,3,'updated_task_status','task',18,'{"from":"To Do","to":"Done","title":"Integration Architecture"}'),
(6,4,'updated_project','project',4,'{"status":"Completed"}');

-- ── NOTIFICATIONS ────────────────────────────────────────────
INSERT INTO notifications (user_id, type, title, body, link, is_read) VALUES
(3,'task_assigned','New Task Assigned','You have been assigned: Build Homepage Components','/projects/1/board',0),
(3,'task_assigned','New Task Assigned','You have been assigned: Push Notifications (Firebase)','/projects/2/board',0),
(4,'task_assigned','New Task Assigned','You have been assigned: High-fidelity Mockups','/projects/1/board',0),
(4,'task_assigned','New Task Assigned','You have been assigned: Dark Theme Toggle','/projects/2/board',0),
(5,'task_assigned','New Task Assigned','You have been assigned: Cross-browser QA Testing','/projects/1/board',0),
(5,'task_assigned','New Task Assigned','You have been assigned: Device QA Testing','/projects/2/board',0),
(1,'project_update','Project Completed','HR Portal has been successfully launched! 🎉','/projects/4',1),
(2,'task_completed','Task Done','Emily completed UX Research & User Interviews','/projects/1',1);

-- ── VERIFY ───────────────────────────────────────────────────
SELECT 'users'        AS tbl, COUNT(*) AS rows FROM users
UNION ALL SELECT 'projects',      COUNT(*) FROM projects
UNION ALL SELECT 'project_users', COUNT(*) FROM project_users
UNION ALL SELECT 'tasks',         COUNT(*) FROM tasks
UNION ALL SELECT 'task_comments', COUNT(*) FROM task_comments
UNION ALL SELECT 'messages',      COUNT(*) FROM messages
UNION ALL SELECT 'notifications', COUNT(*) FROM notifications
UNION ALL SELECT 'activity_logs', COUNT(*) FROM activity_logs;
